{
    "answers": {
        "phase":  "coding", 
        "action":  "requirements (functional)", 
        "scope":  "api",
        "action experience": "none",
        "prog lang":  "js", 
        "other prog lang": "<fill in>",
        "tool": "chat gpt 3.x", 
        "other tool": "<fill in>",
        "tool option": "free",
        "tool experience":  "some", 
        "time allocated (h)": "0.3",
        "time saved estimate (h)": "0", 
        "quality of ai help":  "unusable",
        "generic feeling":  "needs work", 
        "notes": "<fill in>"
    }
}