{
    "answers": {
        "phase": "coding",
        "action": "problem understanding",
        "scope":  "frontend", 
        "action experience":  "none",
        "prog lang": "n/a", 
        "other prog lang": "<fill in>",
        "tool": "chat gpt 3.x", 
        "other tool": "<fill in>",
        "tool option": "free", 
        "tool experience":  "some",
        "time allocated (h)": "0.4",
        "time saved estimate (h)": "0", 
        "quality of ai help":  "unusable",
        "generic feeling": "makes not sense",
        "notes": "<fill in>"
    }
}