{
    "answers": {
        "phase": "coding", 
        "action": "requirements (functional)", 
        "scope":  "api", 
        "action experience": "big", 
        "prog lang":  "js", 
        "other prog lang": "<fill in>",
        "tool": "chat gpt 3.x", 
        "other tool": "<fill in>",
        "tool option": "free", 
        "tool experience":  "some",
        "time allocated (h)": "8",
        "time saved estimate (h)": "10", 
        "quality of ai help":  "minor modifications needed", 
        "generic feeling":  "great in the future", 
        "notes": "<fill in>"
    }
}