{
    "answers": {
        "phase": "design",
        "action": "design decision", 
        "scope": "uml sequence", 
        "action experience": "fair", 
        "prog lang": "n/a",
        "other prog lang": "<fill in>",
        "tool": "chat gpt 3.x", 
        "other tool": "<fill in>",
        "tool option": "free", 
        "tool experience": "enough",
        "time allocated (h)": "0.5",
        "time saved estimate (h)": "1", 
        "quality of ai help": "minor modifications needed",
        "generic feeling": "great in the future", 
        "notes": "<fill in>"
    }
}