{
    "answers": {
        "phase":  "coding", 
        "action":  "source code authoring", 
        "scope":  "backend", 
        "action experience":  "fair", 
        "prog lang":  "js-node", 
        "other prog lang": "<fill in>",
        "tool": "chat gpt 3.x", 
        "other tool": "<fill in>",
        "tool option": "free", 
        "tool experience":  "some", 
        "time allocated (h)": "0.45",
        "time saved estimate (h)": "3", 
        "quality of ai help":  "major modifications needed", 
        "generic feeling": "needs work", 
        "notes": "<fill in>"
    }
}

