{
    "answers": {
        "phase": "coding",
        "action": "code management",
        "scope": "frontend", 
        "action experience": "fair",
        "prog lang": "js", 
        "other prog lang": "<fill in>",
        "tool": "chat gpt 3.x",
        "other tool": "<fill in>",
        "tool option": "free", 
        "tool experience": "enough", 
        "time allocated (h)": "0.2",
        "time saved estimate (h)": "0.5", 
        "quality of ai help": "ready-to-use", 
        "generic feeling": "great in the future",
        "notes": "<fill in>"
    }
}