{
    "answers": {
        "phase":  "design", 
        "action":  "data design", 
        "scope":  "database design", 
        "action experience":  "little", 
        "prog lang": "n/a",
        "other prog lang": "<fill in>",
        "tool": "chat gpt 3.x",
        "other tool": "<fill in>",
        "tool option": "free",
        "tool experience":  "some", 
        "time allocated (h)": "0.1",
        "time saved estimate (h)": "0", 
        "quality of ai help": "unusable",
        "generic feeling":  "needs work",
        "notes": "<fill in>"
    }
}