{
    "answers": {
        "phase": "design",
        "action": "architectural decision", 
        "scope":  "frontend", 
        "action experience": "little", 
        "prog lang":  "js", 
        "other prog lang": "<fill in>",
        "tool": "chat gpt 3.x", 
        "other tool": "<fill in>",
        "tool option": "free", 
        "tool experience":  "some", 
        "time allocated (h)": "0.15",
        "time saved estimate (h)": "0.1", 
        "quality of ai help":  "major modifications needed", 
        "generic feeling": "needs work",
        "notes": "<fill in>"
    }
}