{
    "answers": {
        "phase":  "architecture", 
        "action": "problem understanding", 
        "scope":  "uml component", 
        "action experience": "little", 
        "prog lang": "n/a", 
        "other prog lang": "<fill in>",
        "tool": "chat gpt 3.x",
        "other tool": "<fill in>",
        "tool option": "free", 
        "tool experience":  "some", 
        "time allocated (h)": "0.05",
        "time saved estimate (h)": "0.2", 
        "quality of ai help": "ready-to-use",
        "generic feeling": "great as-is",
        "notes": "<fill in>"
    }
}